1,luana,sos
2,bianca,aaa
3,Michael Johnson,michael.johnson@yahoo.com
4,Emily Davis,emily.davis@hotmail.com
5,Christopher Smith,chris.smith@gmail.com
6,Mia Martinez,mia.martinez@yahoo.com
7,James Brown,james.brown@hotmail.com
8,Olivia Wilson,olivia.wilson@gmail.com
9,Aiden Taylor,aiden.taylor@yahoo.com
10,Sophia Harris,sophia.harris@hotmail.com
11,Liam Miller,liam.miller@gmail.com
12,Emma Anderson,emma.anderson@yahoo.com
13,Noah Moore,noah.moore@hotmail.com
14,Ava White,ava.white@gmail.com
15,Logan Lee,logan.lee@yahoo.com
16,Isabella Hall,isabella.hall@hotmail.com
17,Ethan Martin,ethan.martin@gmail.com
18,Olivia Thompson,olivia.thompson@yahoo.com
19,Mason Garcia,mason.garcia@hotmail.com
20,Sophia Davis,sophia.davis@gmail.com
21,Lucas Johnson,lucas.johnson@yahoo.com
22,Amelia Brown,amelia.brown@hotmail.com
23,Logan Davis,logan.davis@gmail.com
24,Ella Wilson,ella.wilson@yahoo.com
25,Aiden Smith,aiden.smith@hotmail.com
26,Ava Anderson,ava.anderson@gmail.com
27,Jack Harris,jack.harris@yahoo.com
28,Mia Taylor,mia.taylor@hotmail.com
29,William Lee,william.lee@gmail.com
30,Grace Martinez,grace.martinez@yahoo.com
31,James Moore,james.moore@hotmail.com
32,Lily White,lily.white@gmail.com
33,Christopher Martin,chris.martin@yahoo.com
34,Emily Thompson,emily.thompson@hotmail.com
35,Aiden Brown,aiden.brown@gmail.com
36,Olivia Miller,olivia.miller@yahoo.com
37,Mason Anderson,mason.anderson@hotmail.com
38,Isabella Taylor,isabella.taylor@gmail.com
39,Liam Davis,liam.davis@yahoo.com
40,Sophia Wilson,sophia.wilson@hotmail.com
41,Lucas Johnson,lucas.johnson@gmail.com
42,Ella Smith,ella.smith@yahoo.com
43,Noah Harris,noah.harris@hotmail.com
44,Ava Lee,ava.lee@gmail.com
45,Logan Thompson,logan.thompson@yahoo.com
46,Mia White,mia.white@hotmail.com
47,William Hall,william.hall@gmail.com
48,Grace Moore,grace.moore@yahoo.com
49,Jack Martin,jack.martin@hotmail.com
50,Sophia Davis,sophia.davis@gmail.com
51,Liam Anderson,liam.anderson@yahoo.com
52,Emma Taylor,emma.taylor@hotmail.com
53,Aiden Smith,aiden.smith@gmail.com
54,Olivia Brown,olivia.brown@yahoo.com
55,Mason Miller,mason.miller@hotmail.com
56,Isabella Wilson,isabella.wilson@gmail.com
57,Lucas Hall,lucas.hall@yahoo.com
58,Ava Martinez,ava.martinez@hotmail.com
59,Noah Harris,noah.harris@gmail.com
60,Emily Anderson,emily.anderson@yahoo.com
61,Logan Smith,logan.smith@hotmail.com
62,Lily Thompson,lily.thompson@gmail.com
63,Christopher White,chris.white@yahoo.com
64,Ella Taylor,ella.taylor@hotmail.com
65,William Davis,william.davis@gmail.com
66,Sophia Wilson,sophia.wilson@yahoo.com
67,Liam Lee,liam.lee@hotmail.com
68,Olivia Brown,olivia.brown@gmail.com
69,Logan Smith,logan.smith@yahoo.com
70,Ava Hall,ava.hall@hotmail.com
71,Mason Martinez,mason.martinez@gmail.com
72,Isabella Taylor,isabella.taylor@yahoo.com
73,Noah White,noah.white@hotmail.com
74,Emily Harris,emily.harris@gmail.com
75,Lucas Moore,lucas.moore@yahoo.com
76,Sophia Smith,sophia.smith@hotmail.com
77,William Thompson,william.thompson@gmail.com
78,Grace Anderson,grace.anderson@yahoo.com
79,Jack Lee,jack.lee@hotmail.com
80,Ella Wilson,ella.wilson@gmail.com
81,Liam Brown,liam.brown@yahoo.com
82,Olivia Martinez,olivia.martinez@hotmail.com
83,Logan Smith,logan.smith@gmail.com
84,Ava White,ava.white@yahoo.com
85,Christopher Davis,chris.davis@hotmail.com
86,Mia Hall,mia.hall@gmail.com
87,William Taylor,william.taylor@yahoo.com
88,Emily Lee,emily.lee@hotmail.com
89,Lucas Wilson,lucas.wilson@gmail.com
90,Sophia Thompson,sophia.thompson@yahoo.com
91,Aiden Moore,aiden.moore@hotmail.com
92,Olivia Harris,olivia.harris@gmail.com
93,Noah Hall,noah.hall@yahoo.com
94,Grace Smith,grace.smith@hotmail.com
95,Liam Anderson,liam.anderson@gmail.com
96,Ella Thompson,ella.thompson@yahoo.com
97,Mason Brown,mason.brown@hotmail.com
98,Isabella Harris,isabella.harris@gmail.com
99,Lucas Lee,lucas.lee@yahoo.com
100,Ava Davis,ava.davis@hotmail.com
9928,awsim,asim
20,luana,spos
1,joana,a
1,as,as
1,soos,s
182,joao,joao
676,Bianca,ashiley
91290,pop,popp
7676,ash,ash
